Date,Name,Year,Letterboxd URI,Rating
2021-08-29,Forrest Gump,1994,https://boxd.it/728,4
2021-08-29,Shutter Island,2010,https://boxd.it/1U82,4
2021-08-29,Iron Man 2,2010,https://boxd.it/1WZM,2
2021-08-29,Jumanji,1995,https://boxd.it/1ZLI,2.5
2021-08-29,The Lion King,1994,https://boxd.it/201Q,4
2021-08-29,Star Wars: Episode III – Revenge of the Sith,2005,https://boxd.it/27US,3.5
2021-08-29,Star Wars: Episode II – Attack of the Clones,2002,https://boxd.it/27V2,4
2021-08-29,Star Wars: Episode I – The Phantom Menace,1999,https://boxd.it/27Vc,3.5
2021-08-29,Toy Story 2,1999,https://boxd.it/29qq,3.5
2021-08-29,Toy Story,1995,https://boxd.it/29qA,3.5
2021-08-29,Se7en,1995,https://boxd.it/29zs,4.5
2021-08-29,Home Alone 2: Lost in New York,1992,https://boxd.it/29F6,4
2021-08-29,Pulp Fiction,1994,https://boxd.it/29Pq,5
2021-08-29,The Usual Suspects,1995,https://boxd.it/29XE,4
2021-08-29,Jurassic Park,1993,https://boxd.it/2aA2,4.5
2021-08-29,The Shawshank Redemption,1994,https://boxd.it/2aHi,4.5
2021-08-29,The Silence of the Lambs,1991,https://boxd.it/2aHW,4
2021-08-29,Argo,2012,https://boxd.it/2czU,3.5
2021-08-29,Another Round,2020,https://boxd.it/lkba,4.5
2021-08-29,The Father,2020,https://boxd.it/m8Ie,4.5
2021-08-29,Sherlock Holmes: A Game of Shadows,2011,https://boxd.it/k3S,3
2021-08-29,The Dark Knight Rises,2012,https://boxd.it/H3m,4.5
2021-08-29,The Social Network,2010,https://boxd.it/17ue,3
2021-08-29,Inception,2010,https://boxd.it/1skk,4.5
2021-08-29,The Matrix,1999,https://boxd.it/2a1m,4.5
2021-08-29,Fight Club,1999,https://boxd.it/2a9q,4
2021-08-29,The Perks of Being a Wallflower,2012,https://boxd.it/2ZA8,4
2021-08-29,Prisoners,2013,https://boxd.it/4E5i,3.5
2021-08-29,The Man from U.N.C.L.E.,2015,https://boxd.it/67lG,3
2021-08-29,The Revenant,2015,https://boxd.it/8H5e,4
2021-08-29,Deadpool,2016,https://boxd.it/9fOC,3.5
2021-08-29,A Star Is Born,2018,https://boxd.it/aXgc,3.5
2021-08-29,Zack Snyder's Justice League,2021,https://boxd.it/tLOk,3.5
2021-08-29,Kill Bill: Vol. 1,2003,https://boxd.it/70w,4
2021-08-29,Catch Me If You Can,2002,https://boxd.it/29VS,4.5
2021-08-29,A Beautiful Mind,2001,https://boxd.it/2amk,3.5
2021-08-29,Memento,2000,https://boxd.it/2bcK,3.5
2021-08-29,Inside Out,2015,https://boxd.it/4KHC,4
2021-08-29,Nightcrawler,2014,https://boxd.it/780m,4
2021-08-29,Whiplash,2014,https://boxd.it/7bQA,5
2021-08-29,Logan,2017,https://boxd.it/7Piy,4
2021-08-29,Zootopia,2016,https://boxd.it/84xS,4.5
2021-08-29,Arrival,2016,https://boxd.it/aNGk,5
2021-08-29,Blade Runner 2049,2017,https://boxd.it/b8wK,4.5
2021-08-29,Bohemian Rhapsody,2018,https://boxd.it/f1TK,3.5
2021-08-29,Rocketman,2019,https://boxd.it/iehK,2.5
2021-08-29,Soul,2020,https://boxd.it/ioLA,4.5
2021-08-29,Inglourious Basterds,2009,https://boxd.it/1JzG,5
2021-08-29,Watchmen,2009,https://boxd.it/1QE4,3.5
2021-08-29,Zodiac,2007,https://boxd.it/27MO,4
2021-08-29,Rope,1948,https://boxd.it/28yo,5
2021-08-29,The Departed,2006,https://boxd.it/28MA,3.5
2021-08-29,Batman Begins,2005,https://boxd.it/2aIg,4
2021-08-29,The Hateful Eight,2015,https://boxd.it/8gw8,4.5
2021-08-29,Sicario,2015,https://boxd.it/8i7u,3.5
2021-08-29,The Martian,2015,https://boxd.it/8SeG,4.5
2021-08-29,Kong: Skull Island,2017,https://boxd.it/9ewM,2.5
2021-08-29,Wonder Woman,2017,https://boxd.it/9roG,3
2021-08-29,La La Land,2016,https://boxd.it/a5fa,5
2021-08-29,Rogue One: A Star Wars Story,2016,https://boxd.it/aPvy,4.5
2021-08-29,Baby Driver,2017,https://boxd.it/bhF2,3
2021-08-29,The Chronicles of Narnia: Prince Caspian,2008,https://boxd.it/26Hy,3.5
2021-08-29,The Dirty Dozen,1967,https://boxd.it/28nK,3
2021-08-29,The Prestige,2006,https://boxd.it/293w,4
2021-08-29,The Birds,1963,https://boxd.it/2a6m,3
2021-08-29,Psycho,1960,https://boxd.it/2ab2,5
2021-08-29,Vertigo,1958,https://boxd.it/2apI,4
2021-08-29,12 Angry Men,1957,https://boxd.it/2auI,5
2021-08-29,A Clockwork Orange,1971,https://boxd.it/2aVE,4
2021-08-29,The Dark Knight,2008,https://boxd.it/2b0k,5
2021-08-29,2001: A Space Odyssey,1968,https://boxd.it/2bf0,4.5
2021-08-29,Spider-Man: Into the Spider-Verse,2018,https://boxd.it/azpY,3.5
2021-08-29,Dunkirk,2017,https://boxd.it/d0Y6,3.5
2021-08-29,The Suicide Squad,2021,https://boxd.it/fw6O,3.5
2021-08-29,Uncut Gems,2019,https://boxd.it/gXGc,3.5
2021-08-29,Joker,2019,https://boxd.it/h4cS,4
2021-08-29,Sound of Metal,2019,https://boxd.it/i7Q4,3.5
2021-08-29,Apocalypse Now,1979,https://boxd.it/6ZS,3.5
2021-08-29,Star Wars,1977,https://boxd.it/72s,4.5
2021-08-29,The Empire Strikes Back,1980,https://boxd.it/27Vw,5
2021-08-29,Dune,1984,https://boxd.it/29tY,3.5
2021-08-29,The Shining,1980,https://boxd.it/29Nu,3.5
2021-08-29,Aliens,1986,https://boxd.it/29PA,2.5
2021-08-29,Alien,1979,https://boxd.it/2awY,5
2021-08-29,Godzilla,2014,https://boxd.it/47OE,3.5
2021-08-29,Interstellar,2014,https://boxd.it/4VZ8,4.5
2021-08-29,Jumanji: The Next Level,2019,https://boxd.it/ixu4,2.5
2021-08-29,The Gentlemen,2019,https://boxd.it/iYBQ,2.5
2021-08-29,1917,2019,https://boxd.it/jj4y,4
2021-08-29,The Falcon and the Winter Soldier,2021,https://boxd.it/sbH6,3
2021-08-29,Home Alone,1990,https://boxd.it/29Fg,3.5
2021-08-29,The Wolf of Wall Street,2013,https://boxd.it/3C1m,4.5
2021-08-29,The Lord of the Rings: The Fellowship of the Ring,2001,https://boxd.it/2b5O,5
2021-08-29,Star Wars: The Rise of Skywalker,2019,https://boxd.it/5xlK,3
2021-08-29,Star Wars: The Last Jedi,2017,https://boxd.it/5xme,2.5
2021-08-29,Jumanji: Welcome to the Jungle,2017,https://boxd.it/bUeE,2.5
2021-08-29,Man of Steel,2013,https://boxd.it/FRk,2
2021-08-29,Raya and the Last Dragon,2021,https://boxd.it/jbkI,2.5
2021-08-29,Captain Marvel,2019,https://boxd.it/9vSA,2
2021-08-29,Ant-Man,2015,https://boxd.it/3vmW,3
2021-08-29,Spider-Man: Homecoming,2017,https://boxd.it/aboM,3
2021-08-29,Iron Man 3,2013,https://boxd.it/2cBQ,2
2021-08-29,Transformers,2007,https://boxd.it/280c,2.5
2021-08-29,Transformers: Dark of the Moon,2011,https://boxd.it/16aC,2.5
2021-08-29,Transformers: Age of Extinction,2014,https://boxd.it/3d1m,1.5
2021-08-29,Transformers: The Last Knight,2017,https://boxd.it/b8xo,1.5
2021-08-29,Back to the Future Part III,1990,https://boxd.it/2aTS,2.5
2021-08-29,Back to the Future Part II,1989,https://boxd.it/2aYI,3.5
2021-08-29,Raiders of the Lost Ark,1981,https://boxd.it/2bbs,4.5
2021-08-29,Indiana Jones and the Temple of Doom,1984,https://boxd.it/2bb8,4
2021-08-29,Indiana Jones and the Last Crusade,1989,https://boxd.it/2baO,5
2021-08-29,Prometheus,2012,https://boxd.it/2s9e,2.5
2021-08-29,Shaun of the Dead,2004,https://boxd.it/29J8,2.5
2021-08-29,Hot Fuzz,2007,https://boxd.it/2416,2.5
2021-08-29,Scott Pilgrim vs. the World,2010,https://boxd.it/1Aq6,3.5
2021-08-29,The World's End,2013,https://boxd.it/3EiO,3
2021-08-29,Tenet,2020,https://boxd.it/leq4,4
2021-08-29,The Adventures of Tintin,2011,https://boxd.it/1Irc,3
2021-08-29,Captain America: The First Avenger,2011,https://boxd.it/28b0,2.5
2021-08-29,Fantastic Beasts and Where to Find Them,2016,https://boxd.it/7FPC,3
2021-08-29,The Great Gatsby,2013,https://boxd.it/JY,3
2021-08-29,Aquaman,2018,https://boxd.it/9ru0,2.5
2021-08-29,Transformers: Revenge of the Fallen,2009,https://boxd.it/20gG,3
2021-08-29,The Queen's Gambit,2020,https://boxd.it/s1Ym,3.5
2021-08-29,Venom,2018,https://boxd.it/b8wA,2.5
2021-08-29,Thor,2011,https://boxd.it/1WQU,2
2021-08-29,Seven Years in Tibet,1997,https://boxd.it/29aC,2
2021-08-29,Dirty Dancing: Havana Nights,2004,https://boxd.it/1VF2,2
2021-08-29,Kiss Kiss Bang Bang,2005,https://boxd.it/23c8,2
2021-08-29,The Fast and the Furious: Tokyo Drift,2006,https://boxd.it/1Yeo,2
2021-08-29,Fast & Furious,2009,https://boxd.it/1Pnm,2
2021-08-29,2 Fast 2 Furious,2003,https://boxd.it/2a4g,2.5
2021-08-29,Fast & Furious 6,2013,https://boxd.it/2UG6,2
2021-08-29,The Fate of the Furious,2017,https://boxd.it/bbCw,1.5
2021-08-29,The Fast and the Furious,2001,https://boxd.it/1XMu,3
2021-08-29,The Hobbit: An Unexpected Journey,2012,https://boxd.it/GZk,3.5
2021-08-29,The Hobbit: The Desolation of Smaug,2013,https://boxd.it/nmS,4
2021-08-29,E.T. the Extra-Terrestrial,1982,https://boxd.it/2a1G,3
2021-08-29,Skyfall,2012,https://boxd.it/17Fc,4
2021-08-29,Casino Royale,2006,https://boxd.it/1alk,4
2021-08-29,Spectre,2015,https://boxd.it/6bXY,3
2021-08-29,Quantum of Solace,2008,https://boxd.it/1Vs8,2
2021-08-29,Die Another Day,2002,https://boxd.it/1a5G,2.5
2021-08-29,The Hangover,2009,https://boxd.it/1GjK,3
2021-08-29,The Hangover Part II,2011,https://boxd.it/PZI,3
2021-08-29,The Hangover Part III,2013,https://boxd.it/3GNY,2
2021-08-29,American Pie,1999,https://boxd.it/27qy,3.5
2021-08-29,American Reunion,2012,https://boxd.it/2qH4,2.5
2021-08-29,American Wedding,2003,https://boxd.it/20r0,3
2021-08-29,Pirates of the Caribbean: The Curse of the Black Pearl,2003,https://boxd.it/70G,3
2021-08-29,Harry Potter and the Philosopher's Stone,2001,https://boxd.it/29QS,4
2021-08-29,Harry Potter and the Chamber of Secrets,2002,https://boxd.it/29QI,4
2021-08-29,Harry Potter and the Order of the Phoenix,2007,https://boxd.it/29Qe,3.5
2021-08-29,Harry Potter and the Half-Blood Prince,2009,https://boxd.it/29FU,3
2021-08-29,Harry Potter and the Deathly Hallows: Part 1,2010,https://boxd.it/1RYu,3
2021-08-29,Harry Potter and the Deathly Hallows: Part 2,2011,https://boxd.it/1RYk,3.5
2021-08-29,The Blues Brothers,1980,https://boxd.it/2adi,4
2021-08-29,Ad Astra,2019,https://boxd.it/ePzI,3.5
2021-08-29,The Lord of the Rings: The Two Towers,2002,https://boxd.it/2b5E,5
2021-08-29,Harry Potter and the Prisoner of Azkaban,2004,https://boxd.it/29Qy,3.5
2021-08-29,Harry Potter and the Goblet of Fire,2005,https://boxd.it/29Qo,3.5
2021-08-29,Ocean's Eleven,2001,https://boxd.it/2aZm,2.5
2021-08-29,It Chapter Two,2019,https://boxd.it/h10u,2
2021-08-29,Vice,2018,https://boxd.it/fcFY,3
2021-08-29,Bad Times at the El Royale,2018,https://boxd.it/fSA2,3
2021-08-29,Ghost in the Shell,2017,https://boxd.it/abTA,2.5
2021-08-29,The Maze Runner,2014,https://boxd.it/5YPM,3.5
2021-08-29,The Da Vinci Code,2006,https://boxd.it/2a3i,3
2021-08-29,Return of the Jedi,1983,https://boxd.it/27Vm,5
2021-08-29,Get Out,2017,https://boxd.it/eOCm,4
2021-08-29,Saw,2004,https://boxd.it/2aWW,4
2021-08-29,The Dirt,2019,https://boxd.it/aGN4,3
2021-08-29,The Hunger Games,2012,https://boxd.it/2uds,3.5
2021-08-29,The Hunger Games: Catching Fire,2013,https://boxd.it/3sAw,4
2021-08-29,The Hunger Games: Mockingjay – Part 1,2014,https://boxd.it/4hka,2.5
2021-08-29,The Hunger Games: Mockingjay – Part 2,2015,https://boxd.it/4hk0,2
2021-08-29,Divergent,2014,https://boxd.it/4VT0,3.5
2021-08-29,Allegiant,2016,https://boxd.it/7NNE,1
2021-08-29,Ex Machina,2015,https://boxd.it/7T2k,4
2021-08-29,Mulan,2020,https://boxd.it/bbK6,2
2021-08-29,Guns Akimbo,2019,https://boxd.it/gkFu,0.5
2021-08-29,The Platform,2019,https://boxd.it/mUm6,2.5
2021-08-29,Ford v Ferrari,2019,https://boxd.it/ce74,4
2021-08-29,Parasite,2019,https://boxd.it/hTha,4.5
2021-08-29,Moana,2016,https://boxd.it/8tfY,4.5
2021-08-29,Blade Runner,1982,https://boxd.it/2bcA,4.5
2021-08-29,Knives Out,2019,https://boxd.it/jWEA,4
2021-08-29,The Grand Budapest Hotel,2014,https://boxd.it/3ZqO,4
2021-08-29,The Karate Kid,1984,https://boxd.it/27Wk,4
2021-08-29,Drive,2011,https://boxd.it/IG,3.5
2021-08-29,Insurgent,2015,https://boxd.it/7NNa,1.5
2021-08-29,Maze Runner: The Death Cure,2018,https://boxd.it/bakw,1.5
2021-08-29,Maze Runner: The Scorch Trials,2015,https://boxd.it/9hwA,2
2021-08-29,Assassin's Creed,2016,https://boxd.it/41IK,1
2021-08-29,Alita: Battle Angel,2019,https://boxd.it/e0rS,2
2021-08-29,Fantastic Beasts: The Crimes of Grindelwald,2018,https://boxd.it/bg8G,1.5
2021-08-29,San Andreas,2015,https://boxd.it/7sUa,1.5
2021-08-29,Jurassic World,2015,https://boxd.it/4n0g,3
2021-08-29,Snowpiercer,2013,https://boxd.it/3Icg,3.5
2021-08-29,Incredibles 2,2018,https://boxd.it/7IPg,2
2021-08-29,Mowgli: Legend of the Jungle,2018,https://boxd.it/el2E,2
2021-08-29,Deadpool 2,2018,https://boxd.it/dlLM,2
2021-08-29,Annihilation,2018,https://boxd.it/9yzm,2.5
2021-08-29,I Am Legend,2007,https://boxd.it/21DG,2.5
2021-08-29,Kingsman: The Golden Circle,2017,https://boxd.it/buJm,2.5
2021-08-29,Kingsman: The Secret Service,2014,https://boxd.it/6dxe,3
2021-08-29,Rise of the Planet of the Apes,2011,https://boxd.it/cS4,2.5
2021-08-29,War for the Planet of the Apes,2017,https://boxd.it/8FE2,3
2021-08-29,Dawn of the Planet of the Apes,2014,https://boxd.it/3XyQ,3.5
2021-08-29,The Circle,2017,https://boxd.it/bj1I,1
2021-08-29,Real Steel,2011,https://boxd.it/147m,2.5
2021-08-29,TRON: Legacy,2010,https://boxd.it/1Dlo,2.5
2021-08-29,American Sniper,2014,https://boxd.it/5LDy,2
2021-08-29,The Conjuring,2013,https://boxd.it/4sr2,3.5
2021-08-29,21 Jump Street,2012,https://boxd.it/J0,3
2021-08-29,22 Jump Street,2014,https://boxd.it/5Fvy,2
2021-08-29,Hush,2016,https://boxd.it/d5ys,2.5
2021-08-29,The First Purge,2018,https://boxd.it/fJfk,2
2021-08-29,Star Trek,2009,https://boxd.it/1Q6c,2
2021-08-29,X-Men: Apocalypse,2016,https://boxd.it/7eJi,2
2021-08-29,Inside Man,2006,https://boxd.it/2auS,3.5
2021-08-29,Halloween,2018,https://boxd.it/f0uE,2.5
2021-08-29,The Big Lebowski,1998,https://boxd.it/2b6C,4
2021-08-29,Loki,2021,https://boxd.it/sbHg,4
2021-08-30,Die Hard,1988,https://boxd.it/2a7u,4
2021-08-30,Frozen II,2019,https://boxd.it/aPvo,2.5
2021-08-30,Sonic the Hedgehog,2020,https://boxd.it/gdK8,1.5
2021-08-30,Kung Fu Panda,2008,https://boxd.it/1Yws,3
2021-08-30,Kung Fu Panda 2,2011,https://boxd.it/G36,3
2021-08-30,Ratatouille,2007,https://boxd.it/27ww,4
2021-08-30,Finding Nemo,2003,https://boxd.it/72i,4
2021-08-30,Finding Dory,2016,https://boxd.it/4aAA,2.5
2021-08-30,Spider-Man,2002,https://boxd.it/2a8i,3.5
2021-08-30,Now You See Me 2,2016,https://boxd.it/99fw,2
2021-08-30,Now You See Me,2013,https://boxd.it/2Bsu,3.5
2021-08-30,The Karate Kid,2010,https://boxd.it/15HA,2
2021-08-30,The Jungle Book,1967,https://boxd.it/1YY2,3
2021-08-30,War Dogs,2016,https://boxd.it/9SlO,2.5
2021-08-30,The Blind Side,2009,https://boxd.it/1zWg,2
2021-08-30,Moon,2009,https://boxd.it/1IGQ,4
2021-08-30,The Pursuit of Happyness,2006,https://boxd.it/28PE,3.5
2021-08-30,Glass,2019,https://boxd.it/g3uO,2
2021-08-31,Eddie the Eagle,2015,https://boxd.it/amAY,3.5
2021-08-31,American Hustle,2013,https://boxd.it/5dz8,2.5
2021-08-31,Ted 2,2015,https://boxd.it/6oCY,2
2021-08-31,Madagascar,2005,https://boxd.it/29dc,3
2021-08-31,Madagascar: Escape 2 Africa,2008,https://boxd.it/1W2K,2
2021-08-31,Green Lantern,2011,https://boxd.it/QN4,1.5
2021-08-31,Aladdin,2019,https://boxd.it/eSjy,3
2021-08-31,The Transporter,2002,https://boxd.it/24Nu,3.5
2021-08-31,Transporter 3,2008,https://boxd.it/1QhE,2.5
2021-08-31,Mr. & Mrs. Smith,2005,https://boxd.it/29CG,3
2021-08-31,Focus,2015,https://boxd.it/7zl2,3
2021-08-31,The NeverEnding Story,1984,https://boxd.it/1dE0,3.5
2021-08-31,Sissi,1955,https://boxd.it/2alG,2
2021-08-31,Ice Age: Dawn of the Dinosaurs,2009,https://boxd.it/20iC,4
2021-08-31,Ice Age: Collision Course,2016,https://boxd.it/8upq,1
2021-08-31,Up,2009,https://boxd.it/1OEc,3.5
2021-08-31,Hidden Figures,2016,https://boxd.it/dgS4,2.5
2021-08-31,Paul Blart: Mall Cop,2009,https://boxd.it/1NQw,2.5
2021-08-31,School of Rock,2003,https://boxd.it/28xK,4
2021-08-31,Limitless,2011,https://boxd.it/Aly,2.5
2021-08-31,"I, Robot",2004,https://boxd.it/27y8,3
2021-08-31,Percy Jackson: Sea of Monsters,2013,https://boxd.it/2D8m,1.5
2021-08-31,Gemini Man,2019,https://boxd.it/gaUu,1
2021-08-31,Warcraft,2016,https://boxd.it/2czK,3
2021-08-31,Jumper,2008,https://boxd.it/20ss,2
2021-08-31,The Internship,2013,https://boxd.it/3SWS,2.5
2021-08-31,White House Down,2013,https://boxd.it/3TOg,2
2021-08-31,R.I.P.D.,2013,https://boxd.it/FQQ,1.5
2021-08-31,"10,000 BC",2008,https://boxd.it/20NK,1.5
2021-08-31,Fracture,2007,https://boxd.it/220K,3.5
2021-08-31,Flatliners,2017,https://boxd.it/e4CK,1.5
2021-08-31,The Great Wall,2016,https://boxd.it/a04c,2
2021-08-31,Happy Death Day 2U,2019,https://boxd.it/ixt6,2
2021-08-31,Passengers,2016,https://boxd.it/8lFu,2
2021-08-31,Suicide Squad,2016,https://boxd.it/9row,0.5
2021-08-31,Lucy,2014,https://boxd.it/75hu,2
2021-08-31,Maleficent,2014,https://boxd.it/3v1u,2.5
2021-08-31,The Secret Life of Walter Mitty,2013,https://boxd.it/3SWy,3.5
2021-08-31,Hugo,2011,https://boxd.it/R08,3.5
2021-08-31,The Chronicles of Narnia: The Voyage of the Dawn Treader,2010,https://boxd.it/1WZs,1.5
2021-08-31,Despicable Me 2,2013,https://boxd.it/3gg0,2
2021-08-31,Despicable Me 3,2017,https://boxd.it/azpu,1.5
2021-08-31,Angels & Demons,2009,https://boxd.it/1Q9K,3
2021-08-31,Brother Bear,2003,https://boxd.it/1Xjs,2.5
2021-08-31,Bolt,2008,https://boxd.it/1QXg,2
2021-08-31,Alvin and the Chipmunks: The Squeakquel,2009,https://boxd.it/1zgk,2
2021-08-31,Manitou's Shoe,2001,https://boxd.it/20hE,1.5
2021-08-31,(T)Raumschiff Surprise - Periode 1,2004,https://boxd.it/1XLw,2
2021-08-31,Spaceballs,1987,https://boxd.it/29cy,3.5
2021-08-31,The Dictator,2012,https://boxd.it/2DEW,2
2021-08-31,High School Musical,2006,https://boxd.it/1V0y,3.5
2021-08-31,Johnny English Reborn,2011,https://boxd.it/kQq,2
2021-08-31,Rush Hour,1998,https://boxd.it/27pU,3
2021-08-31,Rush Hour 2,2001,https://boxd.it/23ga,3
2021-08-31,Rush Hour 3,2007,https://boxd.it/23gk,3.5
2021-08-31,Valerian and the City of a Thousand Planets,2017,https://boxd.it/biYY,1
2021-08-31,Hancock,2008,https://boxd.it/1Zv6,2
2021-08-31,Room,2015,https://boxd.it/7T0y,3.5
2021-08-31,Ice Age: The Meltdown,2006,https://boxd.it/2wRk,2.5
2021-08-31,Rio,2011,https://boxd.it/NKc,2.5
2021-08-31,National Treasure,2004,https://boxd.it/27x0,2.5
2021-08-31,Solo: A Star Wars Story,2018,https://boxd.it/bGWs,2.5
2021-08-31,Star Trek Into Darkness,2013,https://boxd.it/uYE,2.5
2021-08-31,The Hobbit: The Battle of the Five Armies,2014,https://boxd.it/43aU,3
2021-08-31,The Parent Trap,1998,https://boxd.it/1XJq,2.5
2021-08-31,The Last Samurai,2003,https://boxd.it/29ZA,2.5
2021-08-31,The Lion King,2019,https://boxd.it/eSjI,3
2021-08-31,Minari,2020,https://boxd.it/mL9M,3.5
2021-08-31,The Tourist,2010,https://boxd.it/17Hs,3
2021-08-31,It,2017,https://boxd.it/bC8e,3
2021-08-31,The Incredibles,2004,https://boxd.it/1XLm,3
2021-08-31,Fast Five,2011,https://boxd.it/BgO,3
2021-08-31,The Imitation Game,2014,https://boxd.it/6aig,3
2021-08-31,Onward,2020,https://boxd.it/io92,3
2021-08-31,Tangled,2010,https://boxd.it/15gO,2.5
2021-08-31,Alvin and the Chipmunks,2007,https://boxd.it/21E0,2
2021-08-31,High School Musical 3: Senior Year,2008,https://boxd.it/1SR0,2
2021-08-31,Fury,2014,https://boxd.it/6JwC,2
2021-08-31,Despicable Me,2010,https://boxd.it/1DD8,2
2021-08-31,Night at the Museum,2006,https://boxd.it/28wi,2
2021-08-31,Madagascar 3: Europe's Most Wanted,2012,https://boxd.it/2NF6,2
2021-08-31,Furious 7,2015,https://boxd.it/5cVs,2
2021-08-31,Black Hawk Down,2001,https://boxd.it/29rI,3
2021-08-31,Ice Age,2002,https://boxd.it/2apS,2.5
2021-08-31,Transporter 2,2005,https://boxd.it/1YWq,3
2021-08-31,Vantage Point,2008,https://boxd.it/20Uw,3
2021-08-31,Cool Runnings,1993,https://boxd.it/29qg,2.5
2021-08-31,High School Musical 2,2007,https://boxd.it/1PIu,2.5
2021-08-31,Pokémon Detective Pikachu,2019,https://boxd.it/fVA0,3
2021-08-31,Shazam!,2019,https://boxd.it/8WBu,2.5
2021-08-31,Ready Player One,2018,https://boxd.it/aZes,2
2021-08-31,Gone Girl,2014,https://boxd.it/6hQu,2.5
2021-08-31,The Karate Kid Part II,1986,https://boxd.it/1ZJM,3
2021-08-31,Rambo: Last Blood,2019,https://boxd.it/iYPy,2.5
2021-08-31,Godzilla: King of the Monsters,2019,https://boxd.it/cY7Y,1.5
2021-09-18,Dune,2021,https://boxd.it/fA7G,4.5
2021-10-05,No Time to Die,2021,https://boxd.it/cPX2,3
2021-10-12,Squid Game,2021,https://boxd.it/x1OG,3.5
2021-10-19,The Last Duel,2021,https://boxd.it/mQbe,4
2021-10-24,Into the Wild,2007,https://boxd.it/22m2,4
2021-10-24,Enemy,2013,https://boxd.it/5xtO,3.5
2021-10-26,Titane,2021,https://boxd.it/nlQC,4.5
2021-10-27,The French Dispatch,2021,https://boxd.it/jLP8,4
2021-10-28,Alien³,1992,https://boxd.it/20zS,3
2021-10-31,"Crazy, Stupid, Love.",2011,https://boxd.it/D9A,3.5
2021-11-01,Friends with Benefits,2011,https://boxd.it/DoK,2.5
2021-11-04,Avengers: Infinity War,2018,https://boxd.it/9vEe,4
2021-11-12,Eternals,2021,https://boxd.it/j36o,2.5
2021-11-12,Guardians of the Galaxy Vol. 2,2017,https://boxd.it/8MxC,1.5
2021-11-12,Thor: The Dark World,2013,https://boxd.it/2DqA,2
2021-11-12,Burlesque,2010,https://boxd.it/Xfo,1.5
2021-11-14,Hereditary,2018,https://boxd.it/hNVe,4
2021-11-20,Lamb,2021,https://boxd.it/tFwE,3
2021-11-22,Rocky II,1979,https://boxd.it/28Ua,4.5
2021-11-28,Rocky III,1982,https://boxd.it/28Tw,4
2021-11-29,Rocky IV,1985,https://boxd.it/28T2,3.5
2021-12-05,Doctor Strange,2016,https://boxd.it/8MH8,3.5
2021-12-05,Ant-Man and the Wasp,2018,https://boxd.it/cqUW,2
2021-12-05,Captain America: The Winter Soldier,2014,https://boxd.it/3r58,3
2021-12-12,Ocean's Twelve,2004,https://boxd.it/2aZ2,3
2021-12-13,Rocky Balboa,2006,https://boxd.it/291q,3.5
2021-12-15,Creed,2015,https://boxd.it/a2qk,4
2021-12-15,14 Peaks: Nothing Is Impossible,2021,https://boxd.it/xDcA,2.5
2021-12-16,Creed II,2018,https://boxd.it/hgl8,3.5
2021-12-17,Spider-Man: No Way Home,2021,https://boxd.it/nwRw,4
2021-12-19,The King,2019,https://boxd.it/ieZs,3.5
2021-12-20,Ocean's Eight,2018,https://boxd.it/eaai,2
2021-12-22,Seven Psychopaths,2012,https://boxd.it/34PW,2
2021-12-23,Guardians of the Galaxy,2014,https://boxd.it/3VH2,3.5
2021-12-23,Spider-Man: Far From Home,2019,https://boxd.it/fegG,3
2021-12-23,The Avengers,2012,https://boxd.it/1xFW,3
2021-12-23,Black Panther,2018,https://boxd.it/8MHs,3.5
2021-12-23,Black Widow,2021,https://boxd.it/hWV8,3.5
2021-12-23,The Incredible Hulk,2008,https://boxd.it/28dU,1.5
2021-12-23,Iron Man,2008,https://boxd.it/28dA,3.5
2021-12-23,Avengers: Endgame,2019,https://boxd.it/9vE4,3.5
2021-12-23,Shang-Chi and the Legend of the Ten Rings,2021,https://boxd.it/kLDI,3
2021-12-23,Captain America: Civil War,2016,https://boxd.it/89Ja,3
2021-12-23,Avengers: Age of Ultron,2015,https://boxd.it/3qi6,2.5
2021-12-23,Percy Jackson & the Olympians: The Lightning Thief,2010,https://boxd.it/1gJi,3
2021-12-23,Rocky V,1990,https://boxd.it/28SS,3
2021-12-23,Ted,2012,https://boxd.it/2pgc,2.5
2021-12-23,Edge of Tomorrow,2014,https://boxd.it/4pD0,3.5
2021-12-23,Star Wars: The Force Awakens,2015,https://boxd.it/4vru,1
2021-12-27,Encanto,2021,https://boxd.it/kPRu,3
2021-12-28,Spider-Man 2,2004,https://boxd.it/2a88,4
2022-01-01,Footloose,2011,https://boxd.it/2cnk,2
2022-01-01,Grease,1978,https://boxd.it/29YW,2.5
2022-01-04,Spider-Man 3,2007,https://boxd.it/2a7Y,3.5
2022-01-09,Clueless,1995,https://boxd.it/1Ygk,3
2022-01-10,The Matrix Reloaded,2003,https://boxd.it/2a1c,4
2022-01-10,Midsommar,2019,https://boxd.it/jhxe,4.5
2022-01-12,The Matrix Revolutions,2003,https://boxd.it/2a12,3.5
2022-01-14,Wild,2014,https://boxd.it/6KQo,3
2022-01-15,"tick, tick... BOOM!",2021,https://boxd.it/jz2e,4.5
2022-01-16,John Wick,2014,https://boxd.it/7dEc,4
2022-01-19,John Wick: Chapter 2,2017,https://boxd.it/ayGu,4
2022-01-19,Alien Resurrection,1997,https://boxd.it/20zI,1.5
2022-01-19,Ocean's Thirteen,2007,https://boxd.it/2aEy,2.5
2022-01-22,Licorice Pizza,2021,https://boxd.it/qTKY,4.5
2022-01-22,The Amazing Spider-Man 2,2014,https://boxd.it/3utM,3
2022-01-22,The Amazing Spider-Man,2012,https://boxd.it/27PI,2
2022-01-23,Tag,2018,https://boxd.it/gh7Y,2.5
2022-01-23,The Hitman's Bodyguard,2017,https://boxd.it/dCmO,2.5
2022-01-23,Citizen Kane,1941,https://boxd.it/71O,4.5
2022-01-23,Casablanca,1942,https://boxd.it/2aG0,5
2022-01-23,Sunset Boulevard,1950,https://boxd.it/2a20,3
2022-01-27,Hawkeye,2021,https://boxd.it/xQqK,2
2022-01-29,Beauty and the Beast,2017,https://boxd.it/ar0c,2
2022-01-29,Moneyball,2011,https://boxd.it/glS,3.5
2022-01-31,John Wick: Chapter 3 – Parabellum,2019,https://boxd.it/gmFw,4
2022-02-02,Pirates of the Caribbean: Dead Man's Chest,2006,https://boxd.it/2bfk,4
2022-02-07,House of Gucci,2021,https://boxd.it/nVkC,3
2022-02-14,Pirates of the Caribbean: At World's End,2007,https://boxd.it/2aGu,2.5
2022-02-15,Death on the Nile,1978,https://boxd.it/24I0,4
2022-02-19,Uncharted,2022,https://boxd.it/b5Dy,3.5
2022-02-22,Slumdog Millionaire,2008,https://boxd.it/1S3E,3
2022-02-23,Pirates of the Caribbean: On Stranger Tides,2011,https://boxd.it/27Z4,2.5
2022-02-23,Death on the Nile,2022,https://boxd.it/ifpg,2.5
2022-02-25,Pirates of the Caribbean: Dead Men Tell No Tales,2017,https://boxd.it/5a9m,2
2022-02-27,Coco,2017,https://boxd.it/bYJQ,4.5
2022-03-03,The Batman,2022,https://boxd.it/eDGs,4.5
2022-03-05,Jungle Cruise,2021,https://boxd.it/g4YK,3
2022-03-05,American Pie 2,2001,https://boxd.it/26kO,4
2022-03-12,Elsewhere - Alone in Africa,2018,https://boxd.it/kuaY,3.5
2022-03-13,Balloon,2018,https://boxd.it/hoW2,3
2022-03-14,The Lighthouse,2019,https://boxd.it/icFU,4.5
2022-03-19,Red Notice,2021,https://boxd.it/ixtq,3
2022-03-21,The Power of the Dog,2021,https://boxd.it/m99E,3.5
2022-03-22,The Rescue,2021,https://boxd.it/pmto,4
2022-03-27,Batman v Superman: Dawn of Justice,2016,https://boxd.it/6fBW,1.5
2022-03-27,Alice in Wonderland,2010,https://boxd.it/1Spq,2
2022-04-04,Pam & Tommy,2022,https://boxd.it/yMAy,2.5
2022-04-19,Fantastic Beasts: The Secrets of Dumbledore,2022,https://boxd.it/bg8Q,3
2022-04-26,The Northman,2022,https://boxd.it/nK2s,4.5
2022-04-26,Dead Poets Society,1989,https://boxd.it/2aSg,3.5
2022-04-28,Drive My Car,2021,https://boxd.it/sv94,4
2022-05-05,Doctor Strange in the Multiverse of Madness,2022,https://boxd.it/gaTc,3
2022-05-06,Moon Knight,2022,https://boxd.it/zeDq,3
2022-05-07,CODA,2021,https://boxd.it/tbf4,5
2022-05-10,The Bourne Identity,2002,https://boxd.it/26EO,3
2022-05-12,Luca,2021,https://boxd.it/ipjC,4
2022-05-16,Back to the Future,1985,https://boxd.it/2b8e,5
2022-05-19,Top Gun,1986,https://boxd.it/29JC,3
2022-05-26,The Nice Guys,2016,https://boxd.it/94Hg,4
2022-05-31,Murder Mystery,2019,https://boxd.it/iEBm,3
2022-06-02,The Notebook,2004,https://boxd.it/1UNE,2.5
2022-06-14,X-Men,2000,https://boxd.it/1a7s,2
2022-06-25,Cha Cha Real Smooth,2022,https://boxd.it/uF8E,4.5
2022-06-25,Step Up,2006,https://boxd.it/1XS8,1.5
2022-07-04,GoodFellas,1990,https://boxd.it/29FA,4.5
2022-07-19,X-Men: The Last Stand,2006,https://boxd.it/1a5Q,2
2022-07-23,Obi-Wan Kenobi,2022,https://boxd.it/yLBA,3
2022-07-25,The Wizard of Oz,1939,https://boxd.it/29Xu,3.5
2022-07-26,Elvis,2022,https://boxd.it/mK4w,2
2022-07-31,Cars,2006,https://boxd.it/29ho,4
2022-08-02,To Catch a Thief,1955,https://boxd.it/2avm,3.5
2022-08-02,Cars 2,2011,https://boxd.it/H4Y,2.5
2022-08-02,Camp Rock,2008,https://boxd.it/1PHw,1.5
2022-08-03,Cars 3,2017,https://boxd.it/7IPq,2
2022-08-07,Casino,1995,https://boxd.it/2ads,4
2022-08-11,Moonraker,1979,https://boxd.it/29MQ,3
2022-08-12,Zoolander,2001,https://boxd.it/1YMA,4
2022-08-12,The Thing,1982,https://boxd.it/294O,5
2022-08-22,The Lost City,2022,https://boxd.it/sg0Q,3
2022-08-22,King Richard,2021,https://boxd.it/mJZ2,4
2022-08-22,Once Upon a Time... in Hollywood,2019,https://boxd.it/gH0O,5
2022-08-22,Morbius,2022,https://boxd.it/j978,0.5
2022-08-30,Wonder Woman 1984,2020,https://boxd.it/gBtA,1.5
2022-09-11,Good Will Hunting,1997,https://boxd.it/2ahY,5
2022-09-11,Birds of Prey (and the Fantabulous Emancipation of One Harley Quinn),2020,https://boxd.it/hSyO,1.5
2022-09-12,A Quiet Place,2018,https://boxd.it/fVJQ,3
2022-09-26,Crimes of the Future,2022,https://boxd.it/uTuY,4
2022-09-26,Living,2022,https://boxd.it/syDQ,3
2022-09-28,99 Moons,2022,https://boxd.it/AqqA,2
2022-09-28,Return to Seoul,2022,https://boxd.it/zXDg,4
2022-09-28,Detective vs. Sleuths,2022,https://boxd.it/jPca,2.5
2022-09-28,Thunder,2022,https://boxd.it/BP0k,3
2022-10-13,X2,2003,https://boxd.it/1a7i,2.5
2022-10-16,"Three Billboards Outside Ebbing, Missouri",2017,https://boxd.it/ceBS,3.5
2022-10-16,Thor: Ragnarok,2017,https://boxd.it/8MHi,3
2022-10-16,The Adam Project,2022,https://boxd.it/q2Dg,3
2022-10-18,Triangle of Sadness,2022,https://boxd.it/hXlq,4
2022-10-26,The Woman King,2022,https://boxd.it/r9a8,4.5
2022-10-30,Rocky,1976,https://boxd.it/28Uk,4.5
2022-10-31,X-Men Origins: Wolverine,2009,https://boxd.it/27ug,3
2022-11-06,Enola Holmes 2,2022,https://boxd.it/vfDe,2.5
2022-11-07,See How They Run,2022,https://boxd.it/sNVq,2
2022-11-20,Spotlight,2015,https://boxd.it/a84k,4.5
2022-12-14,Bones and All,2022,https://boxd.it/tLd4,4
2022-12-15,Avatar,2009,https://boxd.it/1Efm,4
2022-12-17,Ancient Apocalypse,2022,https://boxd.it/DUzI,3
2022-12-18,Camp Rock 2: The Final Jam,2010,https://boxd.it/Sru,1.5
2022-12-18,Bullet Train,2022,https://boxd.it/qW26,2.5
2022-12-19,She Said,2022,https://boxd.it/vBaI,4.5
2022-12-24,Avatar: The Way of Water,2022,https://boxd.it/2E2E,4
2023-01-01,Thor: Love and Thunder,2022,https://boxd.it/mMAY,2.5
2023-01-02,Glass Onion,2022,https://boxd.it/oCkK,1.5
2023-01-04,Free Solo,2018,https://boxd.it/iEEq,4
2023-01-06,All Quiet on the Western Front,2022,https://boxd.it/H08,3.5
2023-01-06,Everything Everywhere All at Once,2022,https://boxd.it/jUk4,3.5
2023-01-06,West Side Story,2021,https://boxd.it/iwt0,3.5
2023-01-06,Jojo Rabbit,2019,https://boxd.it/iEBG,3.5
2023-01-06,Aftersun,2022,https://boxd.it/Arw0,4
2023-01-07,The Hunt,2012,https://boxd.it/3wEC,4
2023-01-08,The Menu,2022,https://boxd.it/lScm,2.5
2023-01-10,Rear Window,1954,https://boxd.it/2a6Q,5
2023-01-11,Promising Young Woman,2020,https://boxd.it/loRE,3.5
2023-01-11,La Haine,1995,https://boxd.it/2as8,3.5
2023-01-12,Reservoir Dogs,1992,https://boxd.it/2agc,3.5
2023-01-28,Babylon,2022,https://boxd.it/mM02,3
2023-01-28,First Blood,1982,https://boxd.it/28U0,3.5
2023-01-28,Sherlock Holmes,2009,https://boxd.it/1W2A,2.5
2023-01-31,The Other Guys,2010,https://boxd.it/1rtq,3
2023-01-31,Kill Bill: Vol. 2,2004,https://boxd.it/2au4,4.5
2023-02-05,The Godfather,1972,https://boxd.it/2aNK,4.5
2023-02-12,The Lord of the Rings: The Return of the King,2003,https://boxd.it/2b5u,5
2023-02-13,Project X,2012,https://boxd.it/neO,3
2023-02-26,Eraserhead,1977,https://boxd.it/299u,4
2023-03-04,The Book of Boba Fett,2021,https://boxd.it/Damy,2
2023-03-06,Call Me by Your Name,2017,https://boxd.it/dYmm,5
2023-03-09,Creed III,2023,https://boxd.it/pf68,3
2023-03-29,Little Women,2019,https://boxd.it/aSVk,4.5
2023-04-02,Legally Blonde,2001,https://boxd.it/1ZNa,3
2023-04-02,The Banshees of Inisherin,2022,https://boxd.it/p7XS,3.5
2023-04-06,TÁR,2022,https://boxd.it/uNIA,3.5
2023-04-08,Duel,1971,https://boxd.it/29ui,3
2023-04-08,The Terminal,2004,https://boxd.it/2a2O,3
2023-04-08,Portrait of a Lady on Fire,2019,https://boxd.it/jkPq,5
2023-04-08,Brooklyn,2015,https://boxd.it/5bdk,3
2023-04-08,Oz the Great and Powerful,2013,https://boxd.it/2cAI,3
2023-04-09,"Legally Blonde 2: Red, White & Blonde",2003,https://boxd.it/1Wxe,2
2023-04-23,White Chicks,2004,https://boxd.it/1SpK,2.5
2023-05-14,Guardians of the Galaxy Vol. 3,2023,https://boxd.it/fVNI,4
2023-05-20,Mission: Impossible,1996,https://boxd.it/29d2,3.5
2023-05-22,Shithouse,2020,https://boxd.it/nCFc,3
2023-05-28,John Wick: Chapter 4,2023,https://boxd.it/mh48,3
2023-06-03,Birdman or (The Unexpected Virtue of Ignorance),2014,https://boxd.it/5RFA,4.5
2023-06-05,WALL·E,2008,https://boxd.it/1VEo,5
2023-06-06,Oldboy,2003,https://boxd.it/29R2,4
2023-06-07,The Shack,2017,https://boxd.it/bAKK,2.5
2023-06-17,The Place Beyond the Pines,2012,https://boxd.it/3mDu,4
2023-06-20,Pig,2021,https://boxd.it/nzoW,3.5
2023-06-20,Don't Look Up,2021,https://boxd.it/o0Hc,3
2023-06-20,The Boondock Saints,1999,https://boxd.it/20gw,3
2023-06-20,Basic Instinct,1992,https://boxd.it/2asM,3
2023-06-20,Love and Monsters,2020,https://boxd.it/lJ6E,3
2023-06-20,Star Trek Beyond,2016,https://boxd.it/5Ik4,3
2023-06-20,Just Mercy,2019,https://boxd.it/iXj2,3
2023-06-20,Belfast,2021,https://boxd.it/tefG,3
2023-06-20,WandaVision,2021,https://boxd.it/sbGW,3
2023-06-20,Split,2016,https://boxd.it/dgSy,2.5
2023-06-20,American Psycho,2000,https://boxd.it/28Vs,2.5
2023-06-20,Pitch Perfect,2012,https://boxd.it/3OsE,2
2023-06-20,No Country for Old Men,2007,https://boxd.it/21ew,3.5
2023-06-20,Before Sunrise,1995,https://boxd.it/2bcU,3.5
2023-06-20,Her,2013,https://boxd.it/4O24,4.5
2023-06-20,Nomadland,2020,https://boxd.it/lnRy,4
2023-06-20,The Big Short,2015,https://boxd.it/ajZw,3.5
2023-06-20,Toy Story 3,2010,https://boxd.it/1WRe,3.5
2023-06-20,Lethal Weapon 2,1989,https://boxd.it/29dQ,3
2023-06-22,Silence,2016,https://boxd.it/2cAo,3.5
2023-06-23,Robin Hood,2010,https://boxd.it/1D6o,2.5
2023-06-24,Titanic,1997,https://boxd.it/2a2k,5
2023-06-27,Black Mirror: Joan Is Awful,2023,https://boxd.it/GWmi,2
2023-06-30,Spider-Man: Across the Spider-Verse,2023,https://boxd.it/kSz4,4.5
2023-07-02,Holes,2003,https://boxd.it/20mE,2.5
2023-07-06,Black Mirror: Loch Henry,2023,https://boxd.it/H7Pg,3
2023-07-07,Indiana Jones and the Kingdom of the Crystal Skull,2008,https://boxd.it/2aR8,3
2023-07-20,Barbie,2023,https://boxd.it/bCLK,5
2023-07-21,Mission: Impossible II,2000,https://boxd.it/29cS,2
2023-07-23,Mission: Impossible III,2006,https://boxd.it/29cI,3
2023-07-25,Mission: Impossible – Rogue Nation,2015,https://boxd.it/5rI4,3.5
2023-07-25,Indiana Jones and the Dial of Destiny,2023,https://boxd.it/b8vM,2
2023-07-27,Mission: Impossible – Ghost Protocol,2011,https://boxd.it/psI,4
2023-07-27,Mission: Impossible – Fallout,2018,https://boxd.it/bSVc,3.5
2023-07-28,Mission: Impossible – Dead Reckoning Part One,2023,https://boxd.it/l7zS,3
2023-07-28,Oppenheimer,2023,https://boxd.it/wUow,2.5
2023-07-28,The Jungle Book,2016,https://boxd.it/8wjk,2
2023-08-09,Women Talking,2022,https://boxd.it/tdq4,3
2023-08-17,All Too Well: The Short Film,2021,https://boxd.it/xTmc,5
2023-08-18,Gladiator,2000,https://boxd.it/2b9m,4.5
2023-08-19,Cast Away,2000,https://boxd.it/20i8,3.5
2023-08-30,Frozen,2013,https://boxd.it/3GNa,4
2023-09-07,Heat,1995,https://boxd.it/2bg8,4
2023-09-12,Rye Lane,2023,https://boxd.it/DIyy,4
2023-09-12,Murder on the Orient Express,2017,https://boxd.it/dHjA,3.5
2023-09-12,Marriage Story,2019,https://boxd.it/hJAw,3.5
2023-09-17,Dial M for Murder,1954,https://boxd.it/2adW,5
2023-09-23,Cruella,2021,https://boxd.it/bbKg,3.5
2023-10-02,The Zone of Interest,2023,https://boxd.it/gJsA,4
2023-10-04,Schindler's List,1993,https://boxd.it/2aq2,5
2023-10-06,Stop Making Sense,1984,https://boxd.it/1ygo,4
2023-10-15,The Terminator,1984,https://boxd.it/2aQY,4
2023-10-17,After Hours,1985,https://boxd.it/1VfS,4
2023-10-22,RoboCop,1987,https://boxd.it/22Wu,5
2023-10-22,The Fly,1986,https://boxd.it/1YIe,4
2023-10-22,The Exorcist,1973,https://boxd.it/1Yoo,4.5
2023-10-23,Predator,1987,https://boxd.it/2b84,4
2023-10-29,Jaws,1975,https://boxd.it/2a5e,3.5
2023-10-30,Predator 2,1990,https://boxd.it/2aY4,3
2023-10-30,AVP: Alien vs. Predator,2004,https://boxd.it/2atU,3.5
2023-11-01,Killers of the Flower Moon,2023,https://boxd.it/gHp0,4
2023-11-02,Terminator 2: Judgment Day,1991,https://boxd.it/2aGY,4.5
2023-11-02,Death Note,2006,https://boxd.it/psEs,4
2023-11-02,The Promised Land,2023,https://boxd.it/B1hA,3.5
2023-11-02,Wicked Little Letters,2023,https://boxd.it/AQXU,3
2023-11-02,Perfect Days,2023,https://boxd.it/ATh8,3
2023-11-02,Dream Scenario,2023,https://boxd.it/v2h0,2.5
2023-11-02,Maestro,2023,https://boxd.it/j0DE,2.5
2023-11-02,The Worst Person in the World,2021,https://boxd.it/oyws,3
2023-11-02,How to Have Sex,2023,https://boxd.it/EFIM,4.5
2023-11-02,Anatomy of a Fall,2023,https://boxd.it/yuDE,4.5
2023-11-02,Aliens vs Predator: Requiem,2007,https://boxd.it/2ans,1
2023-11-05,Predators,2010,https://boxd.it/1d9m,3
2023-11-06,BlacKkKlansman,2018,https://boxd.it/hxL8,4
2023-11-07,Princess Mononoke,1997,https://boxd.it/2b4w,4.5
2023-11-18,The Greatest Showman,2017,https://boxd.it/acjI,4.5
2023-11-27,Napoleon,2023,https://boxd.it/shJM,2.5
2023-12-03,Moonlight,2016,https://boxd.it/d6bE,4.5
2023-12-05,Eyes Wide Shut,1999,https://boxd.it/2axs,4.5
2023-12-20,The Creator,2023,https://boxd.it/oXWq,3.5
2023-12-22,Lady Bird,2017,https://boxd.it/dGNE,5
2023-12-24,Saltburn,2023,https://boxd.it/z4eg,3.5
2023-12-25,Blue Valentine,2010,https://boxd.it/MxG,3.5
2023-12-27,Le Samouraï,1967,https://boxd.it/22ZI,3
2023-12-27,Taxi Driver,1976,https://boxd.it/2b8y,4
2024-01-02,Frances Ha,2012,https://boxd.it/41Xg,5
2024-01-05,The Whale,2022,https://boxd.it/tw4c,5
2024-01-09,Sing Street,2016,https://boxd.it/cOo6,4.5
2024-01-11,Heaven Above Zurich,2023,https://boxd.it/IyRq,4
2024-01-12,A Quiet Place Part II,2020,https://boxd.it/iTx0,3.5
2024-01-16,Saving Private Ryan,1998,https://boxd.it/29ro,3.5
2024-01-17,Hell or High Water,2016,https://boxd.it/bfGM,4
2024-01-17,Beau Is Afraid,2023,https://boxd.it/u2gE,2.5
2024-01-17,Society of the Snow,2023,https://boxd.it/y9aw,3
2024-01-17,Love Actually,2003,https://boxd.it/2aeU,2.5
2024-01-17,The Nutcracker and the Four Realms,2018,https://boxd.it/f6rw,1.5
2024-01-17,The Green Knight,2021,https://boxd.it/kuy2,4
2024-01-19,"Are You There God? It's Me, Margaret.",2023,https://boxd.it/kiYC,4
2024-01-21,The Fabelmans,2022,https://boxd.it/ugoM,3
2024-01-21,Death Proof,2007,https://boxd.it/27GG,4
2024-01-21,Castle in the Sky,1986,https://boxd.it/1W4G,3.5
2024-01-25,Wonka,2023,https://boxd.it/tCQm,2.5
2024-01-29,Taylor Swift: The Eras Tour,2023,https://boxd.it/HTIi,5
2024-01-30,Rashomon,1950,https://boxd.it/2a9K,4.5
2024-01-31,Poor Things,2023,https://boxd.it/tNWU,5
2024-02-04,Shakespeare in Love,1998,https://boxd.it/27Pe,5
2024-02-09,May December,2023,https://boxd.it/vEE2,3
2024-02-20,Thunderball,1965,https://boxd.it/29SE,3.5
2024-03-02,"sex, lies, and videotape",1989,https://boxd.it/28Oc,3.5
2024-03-11,Dune: Part Two,2024,https://boxd.it/pUfA,4.5
2024-03-11,The Predator,2018,https://boxd.it/bDw2,1.5
2024-03-11,Who Am I,2014,https://boxd.it/8ND2,2.5
2024-03-13,Prey,2022,https://boxd.it/sNBU,3
2024-03-17,From Russia with Love,1963,https://boxd.it/29T8,3.5
2024-03-18,Mamma Mia! Here We Go Again,2018,https://boxd.it/gnfO,5
2024-03-18,Mamma Mia!,2008,https://boxd.it/1Tnq,5
2024-03-22,Dr. No,1962,https://boxd.it/29UU,4
2024-03-22,Goldfinger,1964,https://boxd.it/29SY,3
2024-04-04,American Fiction,2023,https://boxd.it/DYHm,3.5
2024-04-18,All of Us Strangers,2023,https://boxd.it/Bz3C,3
2024-04-20,The Iron Claw,2023,https://boxd.it/w5Pm,3.5
2024-04-25,Challengers,2024,https://boxd.it/zld0,5
2024-05-02,Shiva Baby,2020,https://boxd.it/oIv0,1.5
2024-05-05,Strangers on a Train,1951,https://boxd.it/29tk,4
2024-05-16,Love Lies Bleeding,2024,https://boxd.it/zN4q,4
2024-05-23,Furiosa: A Mad Max Saga,2024,https://boxd.it/tABk,3.5
2024-05-24,Mad Max: Fury Road,2015,https://boxd.it/2DjO,4.5
2024-05-24,Reality,2023,https://boxd.it/BeLI,3
2024-05-24,The Breakfast Club,1985,https://boxd.it/27q4,3.5
2024-05-24,Boogie Nights,1997,https://boxd.it/23um,4
2024-05-24,Black Swan,2010,https://boxd.it/Sw0,4
2024-05-24,Children of Men,2006,https://boxd.it/1Y2i,4.5
2024-05-24,The Dreamers,2003,https://boxd.it/28X4,2
2024-05-24,The Greatest Hits,2024,https://boxd.it/CdIg,3
2024-05-24,Climax,2018,https://boxd.it/ikvo,2.5
2024-05-26,Civil War,2024,https://boxd.it/z1jW,4
2024-05-27,Full Metal Jacket,1987,https://boxd.it/2a1Q,2.5
2024-05-29,Fallen Leaves,2023,https://boxd.it/Bgew,2.5
2024-05-31,Lethal Weapon,1987,https://boxd.it/29e0,3
2024-06-06,Secretary,2002,https://boxd.it/1URc,3.5
2024-06-06,Crash,1996,https://boxd.it/29n2,3.5
2024-06-06,What We Do in the Shadows,2014,https://boxd.it/7eQy,3.5
2024-06-08,Eternal Sunshine of the Spotless Mind,2004,https://boxd.it/6YK,4.5
2024-06-09,Videodrome,1983,https://boxd.it/29uC,4
2024-06-10,The Holdovers,2023,https://boxd.it/vHza,5
2024-06-10,"The Chronicles of Narnia: The Lion, the Witch and the Wardrobe",2005,https://boxd.it/2ark,4
2024-06-13,Blue Mountain State: The Rise of Thadland,2016,https://boxd.it/8Yyi,1
2024-06-13,Eastern Promises,2007,https://boxd.it/275q,3
2024-06-15,A History of Violence,2005,https://boxd.it/2bfa,3
2024-06-16,Hit Man,2023,https://boxd.it/ANB2,4
2024-07-04,Mulholland Drive,2001,https://boxd.it/297o,4.5
2024-07-14,Memory,2023,https://boxd.it/AZ9O,3
2024-07-17,Io Capitano,2023,https://boxd.it/zmrM,4
2024-07-20,Holy Spider,2022,https://boxd.it/xBn2,2.5
2024-07-22,The Fall Guy,2024,https://boxd.it/s0Bm,2
2024-07-22,Miss Americana,2020,https://boxd.it/oifq,3
2024-07-28,Blue Velvet,1986,https://boxd.it/29BI,4
2024-08-05,Kingdom of the Planet of the Apes,2024,https://boxd.it/ohEE,3
2024-08-10,Electric Child,2024,https://boxd.it/BXTi,2
2024-08-11,The Sparrow in the Chimney,2024,https://boxd.it/FHZC,3.5
2024-08-11,Drowning Dry,2024,https://boxd.it/Obve,3
2024-08-11,Mexico 86,2024,https://boxd.it/IwGA,2.5
2024-08-11,Invention,2024,https://boxd.it/ObBc,4
2024-08-12,Weightless,2024,https://boxd.it/Oap0,3
2024-08-13,Past Lives,2023,https://boxd.it/oNB8,1.5
2024-08-13,Longlegs,2024,https://boxd.it/KzLM,4
2024-08-14,Guillermo del Toro's Pinocchio,2022,https://boxd.it/kjMW,3
2024-08-17,Diary of a Wimpy Kid,2010,https://boxd.it/1fUa,2.5
2024-08-21,Dirty Dancing,1987,https://boxd.it/2baY,5
2024-08-25,Manchester by the Sea,2016,https://boxd.it/b2L0,4.5
2024-08-25,The Shape of Water,2017,https://boxd.it/dZ5m,4
2024-08-25,Nights and Weekends,2008,https://boxd.it/J2A,3.5
2024-08-26,Alien: Covenant,2017,https://boxd.it/49UY,3
2024-08-27,Alien: Romulus,2024,https://boxd.it/zGqO,4
2024-09-09,Django Unchained,2012,https://boxd.it/2cCk,4.5
2024-09-11,Anyone But You,2023,https://boxd.it/EzA8,3
2024-09-20,Baby Reindeer,2024,https://boxd.it/MwSa,3.5
2024-09-20,Black Mirror: Beyond the Sea,2023,https://boxd.it/H7QI,2.5
2024-09-21,The Lobster,2015,https://boxd.it/7tnw,3
2024-09-22,Blink Twice,2024,https://boxd.it/vIOg,3
2024-09-24,Twisters,2024,https://boxd.it/qV7a,3.5
2024-09-26,Inside Out 2,2024,https://boxd.it/CFrC,4.5
2024-09-29,There Will Be Blood,2007,https://boxd.it/20Z2,3
